,mature_name,n_projects_up,n_projects_down,median_log2fc,median_padj,binom_p_up,binom_p_down,Binomial_result
0,hsa-let-7a-3p,0,0,0.29300000000000004,1.8015e-05,,,NS
1,hsa-let-7b-3p,2,1,-0.406,1.46e-06,0.5,0.875,NS
2,hsa-let-7b-5p,2,1,-0.3615,2.52245e-06,0.5,0.875,NS
3,hsa-let-7d-3p,0,1,0.408,6.55e-07,1.0,0.5,NS
4,hsa-let-7d-5p,0,0,0.332,2.79e-07,,,NS
5,hsa-let-7e-3p,1,4,-0.548,1.42e-08,0.96875,0.1875,NS
6,hsa-let-7e-5p,1,2,0.2535,6.755e-06,0.875,0.5,NS
7,hsa-let-7g-5p,1,0,0.23049999999999998,0.000448,0.5,1.0,NS
8,hsa-let-7i-3p,1,1,-0.565,1.55e-09,0.75,0.75,NS
9,hsa-let-7i-5p,0,0,0.3195,3.755e-06,,,NS
10,hsa-mir-1-3p,2,12,-2.117,2.166e-13,0.99908447265625,0.0064697265625,DOWN
11,hsa-mir-100-5p,2,7,-1.248,4.30000213e-12,0.98046875,0.08984375,NS
12,hsa-mir-101-3p,1,3,-0.692,3.1e-07,0.9375,0.3125,NS
13,hsa-mir-105-5p,11,1,5.7395,4.07500000002675e-13,0.003173828125,0.999755859375,UP
14,hsa-mir-106b-3p,6,0,1.025,1.218e-14,0.015625,1.0,UP
15,hsa-mir-107,0,0,0.522,6.753e-12,,,NS
16,hsa-mir-10a-3p,4,2,0.582,1.38e-13,0.34375,0.890625,NS
17,hsa-mir-10b-3p,2,4,-0.918,2.63e-13,0.890625,0.34375,NS
18,hsa-mir-10b-5p,2,6,-0.922,4.91e-17,0.96484375,0.14453125,NS
19,hsa-mir-1180-3p,5,2,0.791,1.16e-06,0.2265625,0.9375,NS
20,hsa-mir-122-3p,2,0,2.156,5.79e-07,0.25,1.0,NS
21,hsa-mir-122-5p,6,0,2.9985,0.0007135,0.015625,1.0,UP
22,hsa-mir-124-3p,2,2,0.25,1.3054500000000001e-06,0.6875,0.6875,NS
23,hsa-mir-1247-5p,1,6,-1.3275,3.0060450000000005e-07,0.9921875,0.0625,NS
24,hsa-mir-125a-3p,1,1,-0.6565,4.050665e-06,0.75,0.75,NS
25,hsa-mir-125a-5p,2,4,-0.6,1.13e-11,0.890625,0.34375,NS
26,hsa-mir-125b-1-3p,1,4,-0.851,2.8020000000000003e-05,0.96875,0.1875,NS
27,hsa-mir-125b-2-3p,2,6,-1.031,9.32e-09,0.96484375,0.14453125,NS
28,hsa-mir-125b-5p,2,6,-0.711,5.31e-10,0.96484375,0.14453125,NS
29,hsa-mir-126-3p,1,4,-0.858,6.2e-23,0.96875,0.1875,NS
30,hsa-mir-126-5p,1,6,-1.068,8.304999999999999e-28,0.9921875,0.0625,NS
31,hsa-mir-1269a,12,1,4.289,4.67e-19,0.001708984375,0.9998779296875,UP
32,hsa-mir-127-3p,1,6,-1.237,4.122e-13,0.9921875,0.0625,NS
33,hsa-mir-127-5p,3,3,-0.599,7.43e-12,0.65625,0.65625,NS
34,hsa-mir-1271-5p,2,2,-0.566,2.581e-09,0.6875,0.6875,NS
35,hsa-mir-128-3p,2,0,0.747,4.72e-08,0.25,1.0,NS
36,hsa-mir-1287-5p,0,1,-0.009999999999999995,2.4e-05,1.0,0.5,NS
37,hsa-mir-129-2-3p,2,5,-2.176,6.41e-10,0.9375,0.2265625,NS
38,hsa-mir-129-5p,3,5,-1.009,2.9711700000000002e-08,0.85546875,0.36328125,NS
39,hsa-mir-1296-5p,0,1,-0.598,4.98e-09,1.0,0.5,NS
40,hsa-mir-1301-3p,10,0,1.353,6.785e-15,0.0009765625,1.0,UP
41,hsa-mir-1307-3p,7,1,0.9984999999999999,3.15e-17,0.03515625,0.99609375,UP
42,hsa-mir-1307-5p,8,0,1.401,8.189999999999999e-23,0.00390625,1.0,UP
43,hsa-mir-130a-3p,1,1,-0.483,3.43e-07,0.75,0.75,NS
44,hsa-mir-130b-3p,10,0,1.3944999999999999,1.0145e-17,0.0009765625,1.0,UP
45,hsa-mir-130b-5p,7,1,1.207,1.85e-14,0.03515625,0.99609375,UP
46,hsa-mir-132-3p,2,1,0.016999999999999987,3.221e-08,0.5,0.875,NS
47,hsa-mir-132-5p,1,2,-0.402,5.57e-05,0.875,0.5,NS
48,hsa-mir-133a-3p,2,12,-2.701,1.8795e-15,0.99908447265625,0.0064697265625,DOWN
49,hsa-mir-133a-5p,0,6,-2.564,1.04e-08,1.0,0.015625,DOWN
50,hsa-mir-133b,2,13,-2.193,7.11e-14,0.99951171875,0.003692626953125,DOWN
51,hsa-mir-134-5p,2,2,-0.621,1.57e-07,0.6875,0.6875,NS
52,hsa-mir-135a-5p,2,7,-1.664,6.85e-10,0.98046875,0.08984375,NS
53,hsa-mir-135b-5p,11,3,1.681,6.74e-15,0.0286865234375,0.9935302734375,UP
54,hsa-mir-136-3p,1,6,-1.3385,2.8715e-12,0.9921875,0.0625,NS
55,hsa-mir-136-5p,3,5,-1.0154999999999998,2.8125e-13,0.85546875,0.36328125,NS
56,hsa-mir-137-3p,8,0,2.4365,3.0959999999999997e-06,0.00390625,1.0,UP
57,hsa-mir-138-5p,3,6,-1.111,2.34e-08,0.91015625,0.25390625,NS
58,hsa-mir-139-3p,1,11,-2.1014999999999997,3.1762999999999996e-25,0.999755859375,0.003173828125,DOWN
59,hsa-mir-140-3p,0,6,-0.9635,6.166100000000001e-22,1.0,0.015625,DOWN
60,hsa-mir-140-5p,0,2,-0.456,1.495e-09,1.0,0.25,NS
61,hsa-mir-141-3p,7,2,0.88,4.61e-13,0.08984375,0.98046875,NS
62,hsa-mir-141-5p,9,2,1.1709999999999998,6.75845e-11,0.03271484375,0.994140625,UP
63,hsa-mir-142-3p,7,1,1.0,4.885e-08,0.03515625,0.99609375,UP
64,hsa-mir-142-5p,3,1,0.823,1.24e-06,0.3125,0.9375,NS
65,hsa-mir-143-3p,1,12,-1.3565,7.5425e-21,0.9998779296875,0.001708984375,DOWN
66,hsa-mir-143-5p,2,7,-0.918,7.574999999999999e-10,0.98046875,0.08984375,NS
67,hsa-mir-144-3p,3,8,-1.617,3.2465000000000004e-14,0.96728515625,0.11328125,NS
68,hsa-mir-144-5p,5,6,-0.937,2.39e-16,0.7255859375,0.5,NS
69,hsa-mir-145-3p,1,12,-1.531,2.31e-19,0.9998779296875,0.001708984375,DOWN
70,hsa-mir-145-5p,1,11,-1.685,1.02e-18,0.999755859375,0.003173828125,DOWN
71,hsa-mir-146a-5p,4,1,1.1315,4.90501155e-11,0.1875,0.96875,NS
72,hsa-mir-146b-3p,6,2,0.7825,4.85797e-09,0.14453125,0.96484375,NS
73,hsa-mir-146b-5p,9,0,1.223,1.78e-12,0.001953125,1.0,UP
74,hsa-mir-148a-3p,4,5,0.5,1.28e-10,0.74609375,0.5,NS
75,hsa-mir-148a-5p,1,3,0.539,2.62e-05,0.9375,0.3125,NS
76,hsa-mir-148b-3p,2,0,0.704,9.44e-14,0.25,1.0,NS
77,hsa-mir-148b-5p,5,0,0.997,1.6e-11,0.03125,1.0,UP
78,hsa-mir-149-5p,6,2,0.81,1.2e-06,0.14453125,0.96484375,NS
79,hsa-mir-150-5p,0,4,-1.001,0.00014485,1.0,0.0625,NS
80,hsa-mir-151a-3p,0,0,0.4415,3.9450210999999997e-10,,,NS
81,hsa-mir-151a-5p,3,2,0.687,5.34e-15,0.5,0.8125,NS
82,hsa-mir-152-3p,1,2,-0.642,3.95e-08,0.875,0.5,NS
83,hsa-mir-153-3p,3,2,0.777,0.000122,0.5,0.8125,NS
84,hsa-mir-154-3p,4,3,0.6635,0.0001215,0.5,0.7734375,NS
85,hsa-mir-154-5p,2,5,-0.8714999999999999,8.341500000000001e-08,0.9375,0.2265625,NS
86,hsa-mir-155-5p,6,1,1.112,5.84e-15,0.0625,0.9921875,NS
87,hsa-mir-15a-5p,2,0,0.708,2.98e-10,0.25,1.0,NS
88,hsa-mir-15b-3p,6,0,0.9824999999999999,5.19e-10,0.015625,1.0,UP
89,hsa-mir-15b-5p,2,2,0.595,2.15e-09,0.6875,0.6875,NS
90,hsa-mir-181a-2-3p,2,0,0.643,0.000154,0.25,1.0,NS
91,hsa-mir-181a-3p,6,1,0.67,5.75e-10,0.0625,0.9921875,NS
92,hsa-mir-181b-5p,8,0,1.142,9.52e-12,0.00390625,1.0,UP
93,hsa-mir-181c-3p,6,1,1.133,6.27e-12,0.0625,0.9921875,NS
94,hsa-mir-181c-5p,3,2,0.59,9.53e-10,0.5,0.8125,NS
95,hsa-mir-181d-5p,4,1,0.9984999999999999,2.0901715000000002e-12,0.1875,0.96875,NS
96,hsa-mir-183-5p,14,0,2.2115,6.350000000000001e-22,6.103515625e-05,1.0,UP
97,hsa-mir-184,5,5,-0.30500000000000005,9.300057999999999e-17,0.623046875,0.623046875,NS
98,hsa-mir-185-3p,4,0,0.8585,1.5607049999999998e-07,0.0625,1.0,NS
99,hsa-mir-185-5p,4,0,0.8620000000000001,2.4362699999999998e-11,0.0625,1.0,NS
100,hsa-mir-186-5p,0,0,0.388,9.08e-06,,,NS
101,hsa-mir-187-3p,8,3,1.31,4.355e-07,0.11328125,0.96728515625,NS
102,hsa-mir-18a-3p,9,1,1.496,1.3e-10,0.0107421875,0.9990234375,UP
103,hsa-mir-190a-5p,1,4,-0.667,2.85e-09,0.96875,0.1875,NS
104,hsa-mir-190b-5p,4,1,1.058,0.000116,0.1875,0.96875,NS
105,hsa-mir-191-3p,3,2,0.63,1.17e-10,0.5,0.8125,NS
106,hsa-mir-191-5p,4,1,0.8,3.5e-13,0.1875,0.96875,NS
107,hsa-mir-1911-5p,7,0,3.708,1.68e-06,0.0078125,1.0,UP
108,hsa-mir-192-3p,3,3,-0.483,0.000126,0.65625,0.65625,NS
109,hsa-mir-193a-5p,2,2,-0.492,6.726499999999999e-10,0.6875,0.6875,NS
110,hsa-mir-193b-3p,4,1,0.661,2.43e-07,0.1875,0.96875,NS
111,hsa-mir-193b-5p,3,1,0.475,3.5e-06,0.3125,0.9375,NS
112,hsa-mir-194-3p,3,3,0.1895,2.2528e-06,0.65625,0.65625,NS
113,hsa-mir-194-5p,5,1,0.85,7.7e-07,0.109375,0.984375,NS
114,hsa-mir-195-3p,1,8,-1.115,3.8e-10,0.998046875,0.01953125,DOWN
115,hsa-mir-195-5p,1,12,-1.486,7.579999999999999e-23,0.9998779296875,0.001708984375,DOWN
116,hsa-mir-196a-5p,12,1,3.247,5.9e-15,0.001708984375,0.9998779296875,UP
117,hsa-mir-196b-5p,8,0,1.803,3.32e-12,0.00390625,1.0,UP
118,hsa-mir-197-3p,0,1,0.375,0.000219,1.0,0.5,NS
119,hsa-mir-199a-3p,2,5,-0.5115000000000001,1.2925e-07,0.9375,0.2265625,NS
120,hsa-mir-199a-5p,2,5,-1.147,6.66405e-11,0.9375,0.2265625,NS
121,hsa-mir-199b-3p,2,5,-0.529,1.1504999999999999e-07,0.9375,0.2265625,NS
122,hsa-mir-199b-5p,3,7,-0.9075,3.4655e-07,0.9453125,0.171875,NS
123,hsa-mir-19a-3p,10,0,1.121,6.46e-15,0.0009765625,1.0,UP
124,hsa-mir-19b-3p,5,0,0.7395,1.935e-06,0.03125,1.0,UP
125,hsa-mir-200a-3p,5,1,1.186,4.8333799999999995e-17,0.109375,0.984375,NS
126,hsa-mir-200a-5p,7,1,1.289,4.97e-20,0.03515625,0.99609375,UP
127,hsa-mir-200b-5p,4,1,1.0245,3.9800001080000004e-26,0.1875,0.96875,NS
128,hsa-mir-200c-3p,7,2,1.19,2.43e-08,0.08984375,0.98046875,NS
129,hsa-mir-203a-3p,5,3,0.802,2.78e-10,0.36328125,0.85546875,NS
130,hsa-mir-204-5p,3,11,-1.659,8.9e-07,0.9935302734375,0.0286865234375,DOWN
131,hsa-mir-205-5p,9,4,2.049,4.69e-09,0.1334228515625,0.953857421875,NS
132,hsa-mir-206,1,7,-3.042,7.65e-07,0.99609375,0.03515625,DOWN
133,hsa-mir-20a-5p,6,0,0.886,2.26e-09,0.015625,1.0,UP
134,hsa-mir-20b-5p,6,3,1.0495,1.5950545000000002e-05,0.25390625,0.91015625,NS
135,hsa-mir-21-3p,9,1,1.244,4.2749e-12,0.0107421875,0.9990234375,UP
136,hsa-mir-210-3p,13,1,2.464,1.68e-30,0.00091552734375,0.99993896484375,UP
137,hsa-mir-211-5p,4,3,1.192,0.000533,0.5,0.7734375,NS
138,hsa-mir-212-3p,2,1,-0.06800000000000003,5.1285e-06,0.5,0.875,NS
139,hsa-mir-214-3p,1,7,-1.4415,2.3825e-09,0.99609375,0.03515625,DOWN
140,hsa-mir-214-5p,1,5,-0.6739999999999999,1.5073e-05,0.984375,0.109375,NS
141,hsa-mir-215-3p,0,0,0.795,1.79e-05,,,NS
142,hsa-mir-215-5p,6,3,0.557,1.62e-06,0.25390625,0.91015625,NS
143,hsa-mir-216a-3p,3,3,-0.489,0.00126,0.65625,0.65625,NS
144,hsa-mir-216a-5p,1,3,-0.868,4.705e-06,0.9375,0.3125,NS
145,hsa-mir-216b-5p,3,5,-1.2585000000000002,3.14675e-10,0.85546875,0.36328125,NS
146,hsa-mir-217-5p,4,5,-0.10550000000000004,1.7845000000000001e-10,0.74609375,0.5,NS
147,hsa-mir-218-5p,2,6,-0.97,5.300008450000001e-10,0.96484375,0.14453125,NS
148,hsa-mir-219a-2-3p,2,0,4.885,0.0001825,0.25,1.0,NS
149,hsa-mir-219a-5p,4,2,0.994,1.18e-06,0.34375,0.890625,NS
150,hsa-mir-22-3p,2,0,-0.2935,2.4964e-07,0.25,1.0,NS
151,hsa-mir-22-5p,2,1,0.472,4.73e-05,0.5,0.875,NS
152,hsa-mir-221-3p,4,2,0.6040000000000001,1.225755e-08,0.34375,0.890625,NS
153,hsa-mir-221-5p,4,3,0.473,7.964999999999999e-07,0.5,0.7734375,NS
154,hsa-mir-223-3p,4,3,-0.621,1.64e-09,0.5,0.7734375,NS
155,hsa-mir-223-5p,2,1,-0.552,0.0002075,0.5,0.875,NS
156,hsa-mir-224-5p,13,0,1.8245,1.585e-09,0.0001220703125,1.0,UP
157,hsa-mir-23a-3p,1,0,0.5760000000000001,3.4250001505e-08,0.5,1.0,NS
158,hsa-mir-23a-5p,1,3,-0.9085,1.66502865e-11,0.9375,0.3125,NS
159,hsa-mir-23b-3p,1,2,-0.576,5.28e-12,0.875,0.5,NS
160,hsa-mir-24-1-5p,1,4,-0.822,4.41e-09,0.96875,0.1875,NS
161,hsa-mir-24-2-5p,3,2,0.69,5.84e-07,0.5,0.8125,NS
162,hsa-mir-24-3p,1,0,-0.413,4.67e-07,0.5,1.0,NS
163,hsa-mir-25-3p,3,0,0.692,5.904140000000001e-10,0.125,1.0,NS
164,hsa-mir-25-5p,10,0,1.882,2.56e-08,0.0009765625,1.0,UP
165,hsa-mir-26a-5p,0,6,-0.75,1.63e-15,1.0,0.015625,DOWN
166,hsa-mir-26b-3p,0,2,-0.587,9.15e-06,1.0,0.25,NS
167,hsa-mir-26b-5p,0,0,-0.6054999999999999,3.46284e-10,,,NS
168,hsa-mir-27a-3p,1,0,0.37,6.02e-05,0.5,1.0,NS
169,hsa-mir-27a-5p,0,6,-1.1885,6.48e-09,1.0,0.015625,DOWN
170,hsa-mir-27b-3p,1,2,-0.757,3.66e-15,0.875,0.5,NS
171,hsa-mir-27b-5p,1,1,0.135,4.235e-06,0.75,0.75,NS
172,hsa-mir-28-3p,0,4,-0.6485000000000001,5.5000004725e-17,1.0,0.0625,NS
173,hsa-mir-28-5p,0,3,-0.664,4.51e-15,1.0,0.125,NS
174,hsa-mir-296-5p,1,3,0.4605,3.13365e-09,0.9375,0.3125,NS
175,hsa-mir-299-3p,2,4,-0.9790000000000001,0.0016265,0.890625,0.34375,NS
176,hsa-mir-299-5p,1,6,-0.852,2.334e-07,0.9921875,0.0625,NS
177,hsa-mir-29a-3p,1,5,-0.684,6.79e-12,0.984375,0.109375,NS
178,hsa-mir-29b-1-5p,3,2,0.577,1.12e-05,0.5,0.8125,NS
179,hsa-mir-29b-2-5p,0,3,-0.767,2.07e-10,1.0,0.125,NS
180,hsa-mir-29c-3p,0,7,-1.148,1.13e-14,1.0,0.0078125,DOWN
181,hsa-mir-29c-5p,0,3,-0.775,3.17e-11,1.0,0.125,NS
182,hsa-mir-3065-3p,5,4,0.89,7.88e-12,0.5,0.74609375,NS
183,hsa-mir-3065-5p,4,3,0.695,6e-10,0.5,0.7734375,NS
184,hsa-mir-30a-3p,0,9,-1.546,9.09e-16,1.0,0.001953125,DOWN
185,hsa-mir-30b-5p,0,3,-0.864,1.3200000006e-12,1.0,0.125,NS
186,hsa-mir-30c-1-3p,1,3,-0.867,2.16e-08,0.9375,0.3125,NS
187,hsa-mir-30c-2-3p,1,8,-1.416,1.69e-17,0.998046875,0.01953125,DOWN
188,hsa-mir-30c-5p,0,2,-0.572,1.29e-07,1.0,0.25,NS
189,hsa-mir-30d-3p,1,1,-0.347,7.42e-05,0.75,0.75,NS
190,hsa-mir-30d-5p,3,3,-0.10599999999999998,3.17e-10,0.65625,0.65625,NS
191,hsa-mir-30e-3p,1,5,-0.7085,7.926e-12,0.984375,0.109375,NS
192,hsa-mir-30e-5p,1,2,-0.477,3.45e-12,0.875,0.5,NS
193,hsa-mir-31-5p,10,2,2.3175,8.5375e-13,0.019287109375,0.996826171875,UP
194,hsa-mir-3200-3p,8,0,1.472,2.1815e-08,0.00390625,1.0,UP
195,hsa-mir-323a-3p,3,4,-0.0685,1.5208950000000002e-07,0.7734375,0.5,NS
196,hsa-mir-323b-3p,8,3,1.193,2.91573e-05,0.11328125,0.96728515625,NS
197,hsa-mir-324-3p,2,1,0.5595,4.9725e-10,0.5,0.875,NS
198,hsa-mir-324-5p,4,1,0.5965,2.7309999999999997e-13,0.1875,0.96875,NS
199,hsa-mir-326,2,6,-0.997,1.84145e-08,0.96484375,0.14453125,NS
200,hsa-mir-328-3p,0,1,-0.558,8.23e-06,1.0,0.5,NS
201,hsa-mir-329-3p,2,5,-1.059,0.001,0.9375,0.2265625,NS
202,hsa-mir-330-5p,3,0,0.759,3.67e-11,0.125,1.0,NS
203,hsa-mir-331-3p,3,2,0.482,3.6e-06,0.5,0.8125,NS
204,hsa-mir-335-3p,5,2,0.758,2.29e-07,0.2265625,0.9375,NS
205,hsa-mir-335-5p,3,4,-0.723,2.27e-08,0.7734375,0.5,NS
206,hsa-mir-337-3p,1,6,-0.903,1.9e-08,0.9921875,0.0625,NS
207,hsa-mir-338-3p,2,4,-0.771,2.46755e-11,0.890625,0.34375,NS
208,hsa-mir-338-5p,1,8,-1.202,1.8900416000000001e-07,0.998046875,0.01953125,DOWN
209,hsa-mir-339-3p,1,0,0.4095,1.7016e-05,0.5,1.0,NS
210,hsa-mir-339-5p,2,1,0.6435,7.596e-08,0.5,0.875,NS
211,hsa-mir-340-3p,1,0,0.475,2.423e-05,0.5,1.0,NS
212,hsa-mir-340-5p,3,1,0.627,1.0326999999999999e-06,0.3125,0.9375,NS
213,hsa-mir-342-5p,3,2,0.642,4.7459499999999996e-08,0.5,0.8125,NS
214,hsa-mir-345-5p,6,2,1.084,9.13e-23,0.14453125,0.96484375,NS
215,hsa-mir-34b-3p,4,3,0.903,0.000222,0.5,0.7734375,NS
216,hsa-mir-34c-3p,6,3,1.16,1.605e-05,0.25390625,0.91015625,NS
217,hsa-mir-34c-5p,6,3,1.2959999999999998,8.775e-06,0.25390625,0.91015625,NS
218,hsa-mir-361-3p,0,0,0.431,1.09e-08,,,NS
219,hsa-mir-361-5p,0,0,0.278,1.97e-06,,,NS
220,hsa-mir-362-5p,4,2,0.554,6.14e-14,0.34375,0.890625,NS
221,hsa-mir-363-3p,1,2,-0.5725,9.105000000000001e-08,0.875,0.5,NS
222,hsa-mir-365a-3p,1,5,-0.699,7.94e-11,0.984375,0.109375,NS
223,hsa-mir-365b-3p,1,5,-0.699,7.94e-11,0.984375,0.109375,NS
224,hsa-mir-369-3p,3,4,-0.297,7.225e-07,0.7734375,0.5,NS
225,hsa-mir-369-5p,1,8,-1.447,5.04e-15,0.998046875,0.01953125,DOWN
226,hsa-mir-370-3p,2,2,-0.6785,9.83e-08,0.6875,0.6875,NS
227,hsa-mir-372-3p,7,4,3.138,0.000236,0.2744140625,0.88671875,NS
228,hsa-mir-374a-3p,0,0,0.276,1.68e-05,,,NS
229,hsa-mir-374a-5p,1,2,-0.367,1.36e-07,0.875,0.5,NS
230,hsa-mir-374b-5p,1,2,-0.513,3.7485900000000003e-07,0.875,0.5,NS
231,hsa-mir-375-3p,5,4,0.39049999999999996,1.475e-07,0.5,0.74609375,NS
232,hsa-mir-376a-3p,3,4,-0.2595,0.0012485,0.7734375,0.5,NS
233,hsa-mir-376b-3p,2,3,-0.625,8.16e-05,0.8125,0.5,NS
234,hsa-mir-376c-3p,1,5,-0.992,1.8e-09,0.984375,0.109375,NS
235,hsa-mir-377-3p,2,4,-0.7050000000000001,1.95e-05,0.890625,0.34375,NS
236,hsa-mir-377-5p,1,8,-1.532,2.61e-07,0.998046875,0.01953125,DOWN
237,hsa-mir-378a-3p,1,5,-0.942,4.405000000000001e-13,0.984375,0.109375,NS
238,hsa-mir-378a-5p,1,5,-0.9524999999999999,1.71e-13,0.984375,0.109375,NS
239,hsa-mir-379-3p,0,6,-1.2189999999999999,8.64e-05,1.0,0.015625,DOWN
240,hsa-mir-379-5p,1,6,-1.2469999999999999,1.6725e-15,0.9921875,0.0625,NS
241,hsa-mir-381-3p,2,7,-1.111,2.675000000785e-12,0.98046875,0.08984375,NS
242,hsa-mir-382-3p,2,2,-0.014000000000000012,0.00012695,0.6875,0.6875,NS
243,hsa-mir-382-5p,2,1,0.10100000000000003,0.000214,0.5,0.875,NS
244,hsa-mir-383-5p,2,5,-1.808,1.4220000000000001e-05,0.9375,0.2265625,NS
245,hsa-mir-3909,1,0,0.481,1.17604e-05,0.5,1.0,NS
246,hsa-mir-409-3p,2,0,0.545,2.72e-07,0.25,1.0,NS
247,hsa-mir-409-5p,4,2,0.6605000000000001,8.1785e-08,0.34375,0.890625,NS
248,hsa-mir-410-3p,2,2,-0.813,8.935e-08,0.6875,0.6875,NS
249,hsa-mir-411-3p,1,4,-1.0165,0.00021349999999999999,0.96875,0.1875,NS
250,hsa-mir-411-5p,1,6,-1.1,3.156e-10,0.9921875,0.0625,NS
251,hsa-mir-412-5p,4,2,1.171,2.5e-06,0.34375,0.890625,NS
252,hsa-mir-421,4,0,0.988,9.18e-08,0.0625,1.0,NS
253,hsa-mir-423-5p,2,1,0.414,8.57e-22,0.5,0.875,NS
254,hsa-mir-424-3p,3,3,0.5745,7.52e-08,0.65625,0.65625,NS
255,hsa-mir-424-5p,4,4,0.328,1.38e-10,0.63671875,0.63671875,NS
256,hsa-mir-425-3p,2,0,0.488,1.8050353e-08,0.25,1.0,NS
257,hsa-mir-425-5p,6,1,0.8965,3.815000117e-11,0.0625,0.9921875,NS
258,hsa-mir-429,5,1,1.525,4.82e-18,0.109375,0.984375,NS
259,hsa-mir-431-3p,3,3,-0.728,2.31e-08,0.65625,0.65625,NS
260,hsa-mir-431-5p,8,0,1.795,1.015e-05,0.00390625,1.0,UP
261,hsa-mir-432-5p,2,5,-0.9345000000000001,2.4801e-07,0.9375,0.2265625,NS
262,hsa-mir-433-3p,2,6,-1.32,3.98e-10,0.96484375,0.14453125,NS
263,hsa-mir-449a,7,0,3.269,1.79e-10,0.0078125,1.0,UP
264,hsa-mir-450a-5p,4,4,0.51,2.44e-08,0.63671875,0.63671875,NS
265,hsa-mir-450b-5p,5,3,0.571,3.67e-12,0.36328125,0.85546875,NS
266,hsa-mir-452-5p,7,1,1.282,6.63e-15,0.03515625,0.99609375,UP
267,hsa-mir-454-3p,5,0,0.8415,4.4249999999999997e-10,0.03125,1.0,UP
268,hsa-mir-455-3p,6,1,0.5855,6.465e-06,0.0625,0.9921875,NS
269,hsa-mir-455-5p,3,2,0.7030000000000001,8.75000615e-08,0.5,0.8125,NS
270,hsa-mir-4661-5p,9,1,1.077,2.89e-08,0.0107421875,0.9990234375,UP
271,hsa-mir-483-3p,6,5,0.903,1.82e-05,0.5,0.7255859375,NS
272,hsa-mir-483-5p,6,4,1.276,3.0315e-05,0.376953125,0.828125,NS
273,hsa-mir-485-3p,3,4,-0.08750000000000002,3.35e-06,0.7734375,0.5,NS
274,hsa-mir-485-5p,1,4,-1.238,0.000247,0.96875,0.1875,NS
275,hsa-mir-486-5p,4,8,-1.104,3.96e-10,0.927001953125,0.19384765625,NS
276,hsa-mir-487a-3p,3,1,1.3865,8.845000000000001e-06,0.3125,0.9375,NS
277,hsa-mir-487a-5p,1,5,-1.112,1.755e-05,0.984375,0.109375,NS
278,hsa-mir-487b-3p,2,5,-0.8075,2.645535e-05,0.9375,0.2265625,NS
279,hsa-mir-493-3p,5,2,0.966,6.18e-05,0.2265625,0.9375,NS
280,hsa-mir-493-5p,4,4,0.5465,1.1859999999999999e-07,0.63671875,0.63671875,NS
281,hsa-mir-494-3p,2,5,-0.9339999999999999,3.8e-05,0.9375,0.2265625,NS
282,hsa-mir-495-3p,1,6,-1.1844999999999999,4.1249999999999997e-07,0.9921875,0.0625,NS
283,hsa-mir-497-5p,1,8,-1.0125,5.10097e-11,0.998046875,0.01953125,DOWN
284,hsa-mir-499a-5p,1,3,-1.246,3.64e-05,0.9375,0.3125,NS
285,hsa-mir-500a-5p,2,3,0.40800000000000003,1.120227e-08,0.8125,0.5,NS
286,hsa-mir-500b-5p,2,3,0.4075,1.2802325e-08,0.8125,0.5,NS
287,hsa-mir-501-3p,4,2,0.383,5.64e-08,0.34375,0.890625,NS
288,hsa-mir-501-5p,3,3,0.651,2.91e-07,0.65625,0.65625,NS
289,hsa-mir-502-3p,2,1,-0.46,1.98e-10,0.5,0.875,NS
290,hsa-mir-503-5p,10,1,1.4185,2.9300755e-09,0.005859375,0.99951171875,UP
291,hsa-mir-504-5p,0,5,-1.129,5.36e-05,1.0,0.03125,DOWN
292,hsa-mir-505-3p,0,0,-0.14250000000000002,4.3879999999999997e-10,,,NS
293,hsa-mir-505-5p,1,1,-0.006500000000000006,4.405e-10,0.75,0.75,NS
294,hsa-mir-508-3p,6,5,0.851,3.68e-06,0.5,0.7255859375,NS
295,hsa-mir-508-5p,4,4,-0.35550000000000004,3.625164e-05,0.63671875,0.63671875,NS
296,hsa-mir-509-3-5p,1,4,-2.269,4.02e-11,0.96875,0.1875,NS
297,hsa-mir-509-3p,6,4,1.881,4.82e-07,0.376953125,0.828125,NS
298,hsa-mir-511-5p,1,4,-1.1800000000000002,4.7651765e-13,0.96875,0.1875,NS
299,hsa-mir-512-3p,7,1,2.6814999999999998,5.06e-05,0.03515625,0.99609375,UP
300,hsa-mir-514a-3p,4,6,-1.338,5.53e-12,0.828125,0.376953125,NS
301,hsa-mir-514a-5p,2,4,-3.0484999999999998,8.09e-09,0.890625,0.34375,NS
302,hsa-mir-515-5p,2,0,4.452999999999999,0.00010572000000000001,0.25,1.0,NS
303,hsa-mir-516b-5p,2,1,1.775,1.7351e-05,0.5,0.875,NS
304,hsa-mir-517a-3p,3,1,2.023,0.000818,0.3125,0.9375,NS
305,hsa-mir-517b-3p,3,1,2.023,0.000808,0.3125,0.9375,NS
306,hsa-mir-518b,3,1,2.46,0.000196,0.3125,0.9375,NS
307,hsa-mir-519a-5p,8,1,3.208,3.86e-10,0.01953125,0.998046875,UP
308,hsa-mir-520a-3p,3,1,3.492,4.11e-06,0.3125,0.9375,NS
309,hsa-mir-520f-3p,3,0,5.566,9.96e-07,0.125,1.0,NS
310,hsa-mir-532-3p,1,4,0.454,1.22e-09,0.96875,0.1875,NS
311,hsa-mir-532-5p,3,1,-0.458,6.38e-09,0.3125,0.9375,NS
312,hsa-mir-539-3p,2,3,-0.11200000000000004,0.00020825,0.8125,0.5,NS
313,hsa-mir-539-5p,4,3,-0.4,7.36e-08,0.5,0.7734375,NS
314,hsa-mir-542-3p,2,1,0.389,2.23845e-06,0.5,0.875,NS
315,hsa-mir-543,2,1,-0.14449999999999996,0.0006325,0.5,0.875,NS
316,hsa-mir-551b-3p,8,3,1.6989999999999998,8.075e-06,0.11328125,0.96728515625,NS
317,hsa-mir-552-3p,4,1,4.118,7.11e-06,0.1875,0.96875,NS
318,hsa-mir-574-3p,1,2,-0.517,2.458005e-07,0.875,0.5,NS
319,hsa-mir-576-5p,2,1,0.672,4.32e-10,0.5,0.875,NS
320,hsa-mir-582-3p,2,3,0.43,1.16e-05,0.8125,0.5,NS
321,hsa-mir-582-5p,2,3,-0.492,1.9265e-05,0.8125,0.5,NS
322,hsa-mir-584-5p,7,2,1.1320000000000001,7.405e-10,0.08984375,0.98046875,NS
323,hsa-mir-589-5p,3,1,0.6459999999999999,1.342e-11,0.3125,0.9375,NS
324,hsa-mir-590-3p,4,1,0.807,3.81e-11,0.1875,0.96875,NS
325,hsa-mir-592,11,0,2.223,4.9755e-12,0.00048828125,1.0,UP
326,hsa-mir-598-3p,1,3,-0.484,6.01e-07,0.9375,0.3125,NS
327,hsa-mir-615-3p,9,1,2.301,7.03e-08,0.0107421875,0.9990234375,UP
328,hsa-mir-628-5p,3,1,0.42,7.68e-08,0.3125,0.9375,NS
329,hsa-mir-629-3p,8,1,1.2645,1.9953235e-15,0.01953125,0.998046875,UP
330,hsa-mir-629-5p,2,0,0.773,2.78e-06,0.25,1.0,NS
331,hsa-mir-651-5p,6,0,1.017,4.2650000000000005e-09,0.015625,1.0,UP
332,hsa-mir-652-3p,2,4,-0.416,9.12e-12,0.890625,0.34375,NS
333,hsa-mir-653-5p,6,1,1.335,6.81e-08,0.0625,0.9921875,NS
334,hsa-mir-654-3p,1,7,-1.1,2.585242e-07,0.99609375,0.03515625,DOWN
335,hsa-mir-654-5p,3,4,-0.805,0.000629,0.7734375,0.5,NS
336,hsa-mir-655-3p,2,3,-0.994,5.51e-06,0.8125,0.5,NS
337,hsa-mir-660-5p,2,3,0.055999999999999994,1.2254999999999999e-11,0.8125,0.5,NS
338,hsa-mir-671-3p,3,1,0.701,1.46e-06,0.3125,0.9375,NS
339,hsa-mir-671-5p,11,0,1.157,4.35e-14,0.00048828125,1.0,UP
340,hsa-mir-7-1-3p,5,0,0.669,2.1100235500000002e-05,0.03125,1.0,UP
341,hsa-mir-7-5p,11,1,1.5325,1.9190000000000002e-08,0.003173828125,0.999755859375,UP
342,hsa-mir-708-3p,6,1,1.005,3.0469e-10,0.0625,0.9921875,NS
343,hsa-mir-708-5p,10,1,1.486,1.6299999999999999e-13,0.005859375,0.99951171875,UP
344,hsa-mir-744-5p,0,2,0.39449999999999996,5.4495e-11,1.0,0.25,NS
345,hsa-mir-758-3p,3,3,-0.5915,4.488399999999999e-06,0.65625,0.65625,NS
346,hsa-mir-760,11,1,1.576,3.29e-10,0.003173828125,0.999755859375,UP
347,hsa-mir-766-3p,2,1,0.7929999999999999,1.2231450000000001e-11,0.5,0.875,NS
348,hsa-mir-769-5p,0,0,0.614,5.43e-05,,,NS
349,hsa-mir-874-3p,1,3,-0.434,6.39e-06,0.9375,0.3125,NS
350,hsa-mir-885-5p,7,3,2.143,3.5987500000000002e-09,0.171875,0.9453125,NS
351,hsa-mir-887-3p,0,3,-0.629,2.55e-05,1.0,0.125,NS
352,hsa-mir-889-3p,3,4,-0.409,1.22e-07,0.7734375,0.5,NS
353,hsa-mir-9-3p,8,1,2.615,2.68e-09,0.01953125,0.998046875,UP
354,hsa-mir-9-5p,10,1,3.213,1.86e-20,0.005859375,0.99951171875,UP
355,hsa-mir-92a-1-5p,7,1,1.244,8.62e-10,0.03515625,0.99609375,UP
356,hsa-mir-92a-3p,1,1,0.744,3.61e-08,0.75,0.75,NS
357,hsa-mir-92b-3p,6,1,0.8585,3.9649999999999994e-09,0.0625,0.9921875,NS
358,hsa-mir-93-3p,6,1,0.92,1.250324e-15,0.0625,0.9921875,NS
359,hsa-mir-93-5p,12,0,1.262,9.75e-22,0.000244140625,1.0,UP
360,hsa-mir-935,8,1,1.2365,7.295999999999999e-05,0.01953125,0.998046875,UP
361,hsa-mir-944,10,1,1.515,6.65e-07,0.005859375,0.99951171875,UP
362,hsa-mir-95-3p,3,3,0.829,4.28e-08,0.65625,0.65625,NS
363,hsa-mir-96-5p,14,0,2.428,1.4650000002079998e-30,6.103515625e-05,1.0,UP
364,hsa-mir-98-5p,0,0,0.256,0.0001117,,,NS
365,hsa-mir-99a-3p,2,6,-1.008,1.074e-05,0.96484375,0.14453125,NS
366,hsa-mir-99a-5p,2,5,-0.754,6.455e-09,0.9375,0.2265625,NS
367,hsa-mir-99b-3p,4,0,0.7589999999999999,2.5649999999999998e-08,0.0625,1.0,NS
368,hsa-mir-99b-5p,2,1,0.087,4.3895e-06,0.5,0.875,NS
369,hsa-mir-1251-5p,4,6,-1.743,1.21e-11,0.828125,0.376953125,NS
370,hsa-mir-1298-3p,1,1,-1.1404999999999998,3.3608099999999994e-05,0.75,0.75,NS
371,hsa-mir-1298-5p,1,2,-1.003,1.48e-07,0.875,0.5,NS
372,hsa-mir-1323,2,1,2.9115,1.16205e-05,0.5,0.875,NS
373,hsa-mir-302a-3p,0,0,,,,,NS
374,hsa-mir-302a-5p,0,0,,,,,NS
375,hsa-mir-302b-3p,0,0,,,,,NS
376,hsa-mir-302d-3p,0,0,,,,,NS
377,hsa-mir-371a-3p,1,0,2.446,2.81e-09,0.5,1.0,NS
378,hsa-mir-373-3p,4,0,2.4545000000000003,0.00366255,0.0625,1.0,NS
379,hsa-mir-449c-5p,3,0,3.797,1.12e-11,0.125,1.0,NS
380,hsa-mir-498-5p,2,0,3.662,1.33e-05,0.25,1.0,NS
381,hsa-mir-506-3p,3,4,-2.829,3.85e-10,0.7734375,0.5,NS
382,hsa-mir-507,3,4,-2.18,6.73e-06,0.7734375,0.5,NS
383,hsa-mir-513a-5p,2,3,-2.036,0.000598,0.8125,0.5,NS
384,hsa-mir-513c-5p,3,4,-1.92,7.99e-06,0.7734375,0.5,NS
385,hsa-mir-514b-5p,2,4,-3.9025,5.7941499999999996e-08,0.890625,0.34375,NS
386,hsa-mir-517c-3p,1,0,4.577,4.43e-05,0.5,1.0,NS
387,hsa-mir-518a-3p,2,0,4.231,0.000736,0.25,1.0,NS
388,hsa-mir-518e-3p,2,0,5.026,0.000146,0.25,1.0,NS
389,hsa-mir-519d-3p,2,0,4.8934999999999995,2.1209e-05,0.25,1.0,NS
390,hsa-mir-520a-5p,3,1,4.0515,0.00035689,0.3125,0.9375,NS
391,hsa-mir-520c-3p,2,0,5.4985,4.9754465000000004e-05,0.25,1.0,NS
392,hsa-mir-522-3p,5,0,4.526,1.25e-06,0.03125,1.0,UP
393,hsa-mir-934,4,2,3.1745,8.26e-13,0.34375,0.890625,NS
